Snappitt Photography (Belfast),078 8523 4439,Belfast ,http://www.snappitt.co.uk
Belfast Exposed,028 9023 0965,Belfast ,http://www.belfastexposed.org
Crawford Esler,028 9032 6999,Belfast ,http://www.eslercrawford.com
Darra,028 9091 5709,Belfast ,http://www.darraphotography.co.uk
Synthetic Photography,075 6493 7455,Belfast ,tel:07564937455
Mono Photography,078 8756 3057,Belfast ,tel:07887563057
Weddphoto,078 3299 9828,Belfast ,tel:07832999828
IPhotomate Photography,078 4562 6682,Belfast ,tel:07845626682
David Wadley Photographers,012 1329 2834,Birmingham ,http://www.davidwadleyphotography.co.uk
Claire Osborne Photography, 1  ,Birmingham ,http://www.claireosbornephotography.co.uk
Joe Watkins Photography,078 1782 4376,Birmingham ,http://www.joewatkins.co.uk
Flair Photography,0121 472 3355,Birmingham ,https://www.flairphotography.co.uk
Frank Wood Photography,079 5258 5125,Birmingham ,https://www.frankwoodphotography.co.uk
Arc Photos,079 7636 0728,Birmingham ,http://www.arcphotos.net
MMW Studio,074 5579 5762,Birmingham ,http://www.mmwstudio.com
Charles Adrian,012 1784 1555,Birmingham ,http://www.adriancharles.co.uk
Shaw Edward,012 1443 1741,Birmingham ,http://www.edwardshaw.co.uk
I 2 I Photography,012 1423 4142,Birmingham ,http://www.i2i-photography.co.uk
Flashy Photos,0800-505-3734,Birmingham ,http://www.flashy-photos.co.uk
Charisma Wedding Photography Ltd,012 1382 1200,Birmingham ,tel:01213821200
Mark Little Photography,078 4251 9163,Birmingham ,tel:07842519163
S Romel Photography,077 3830 6070,Birmingham ,tel:07738306070
Paul Pickard Weddings,017 8528 2128,Birmingham ,tel:01785282128
Fabersky Photography,012 1246 0475,Birmingham ,tel:01212460475
Electrical Image,012 1794 0234,Birmingham ,tel:01217940234
Jet Photography,012 1603 3749,Birmingham ,tel:01216033749
fourTwographs,07929968139,Bolton ,https://fourtwographs.co.uk
Brandwood John,012 0449 5613,Bolton ,http://www.brandwood.co.uk
ASmithLord Photography,012 0484 5481,Bolton ,http://www.asmithlord-photography.co.uk
Dominic Holden Photography,012 0484 7592,Bolton ,http://www.dominicholden.co.uk
Dj Archer Photography,078 5013 7378,Bolton ,http://www.djarcherphotography.co.uk
C T P Photo,012 0430 4050,Bolton ,http://www.ctp-photo.co.uk
Harrow Photography,012 0461 299,Bolton ,http://www.harrow-photography.co.uk
Smith David,019 4281 9864,Bolton ,http://www.davidsmithphotography.co.uk
B & V Photography,012 0452 7682,Bolton ,http://www.bvphotography.co.uk
Heather B Studios,012 0453 4002,Bolton ,http://www.heatherbstudiosbolton.co.uk
Gemm Clare - Ace Pictures,012 0457 3303,Bolton ,http://www.acepictures.co.uk
Bolton Colour Laboratory,012 04&n bsp;84,Bolton ,http://www.boltoncolourlabs.co.uk
Cookietree Photography,012 0484 7756,Bolton ,tel:01204847756
Graham Charles Photography,012 7453 1524,Bradford ,https://www.grahamcharlesphotography.co.uk
H Andrews Photography,015 3566 7393,Bradford ,https://www.onlinepictureproof.com/handrewsphotography
David Asher Photography,012 7472 8899,Bradford ,http://www.davidasherphotography.co.uk
BPM BESPOKE PHOTOGRAPHY,012 7469 1193,Bradford ,http://www.bpmbespokephotography.co.uk
Distinctive Image,012 7430 8566,Bradford ,http://www.distinctiveimage.co.uk
Lowdell David,012 7469 0301,Bradford ,http://www.dlpbradford.com
Focus Point Media,077 6529 1494,Bradford ,http://www.focuspointmedia.co.uk
Riley Jonathan,012 7478 7357,Bradford ,http://www.jonathanrileyphotography.co.uk
Commercial Photography Ltd,012 7460 8822,Bradford ,http://www.compho.org
Alamode Photographers,012 7474 3733,Bradford ,http://www.blacktiephotos.co.uk
Heseltine Michelle,012 7464 3942,Bradford ,http://www.imagineaworld.co.uk
Cream Photography,,Bradford ,http://www.creamphotography.co.uk
Rob Ford Photography,,Bradford ,http://www.robfordphotography.co.uk
Innes Photography,,Bradford ,http://www.innes-photography.co.uk
Distinct Images,012 7465 2301,Bradford ,tel:01274652301
Fruition Photography,015 3527 1718,Bradford ,tel:01535271718
The Big White Space,012 7480 3035,Bradford ,tel:01274803035
Cameo Photography,012 7584 3225,Bristol ,http://www.cameo-photography.com
A JEM Production,078 4611 6998,Bristol ,http://www.ajemproduction.co.uk
Aston Hue Photography,011 7349 2758,Bristol ,http://www.astonhuephotography.co.uk
Peter Ashby-Hayter,011 7971 9222,Bristol ,http://www.peterashbyhayter.co.uk
Image Paradise Photography,077 0837 5723,Bristol ,http://www.imageparadise.com
Debbie Hudson Wedding Photography,077 8549 3529,Bristol ,http://www.dlhphotos.co.uk
Martins Kikulis Photography,079 5524 4533,Bristol ,http://martinskikulis.com
Stevens Andy,011 7942 5279,Bristol ,http://www.andystevensphotography.co.uk
Amango Photography,011 7909 9707,Bristol ,http://www.amango.co.uk
Catch The Moment,011 7923 2424,Bristol ,http://catch-the-moment.com
Barrett & Coe Photography,0845-260-6366,Bristol ,http://www.barrettandcoeweddings.co.uk
Black Eye Media,079 1324 6310,Bristol ,http://blackeyemedia.co.uk
Alex Wolfe-Warman Photography,019 3464 1999,Bristol ,http://www.alexwarmanphotography.co.uk
Virtual Venue,078 8301 0840,Bristol ,tel:07883010840
Michael Crocker Photography,011 7939 3701,Bristol ,tel:01179393701
Visionista Photography,075 3186 7878,Bristol ,tel:07531867878
Dawn Wilkins Photography,078 7880 9754,Bristol ,tel:07878809754
Ashborne Photographic,075 9026 9001,Bristol ,tel:07590269001
P9 Wedding Photography,079 7141 6373,Bristol ,tel:07971416373
Latte Photography,011 7958 5289,Bristol ,tel:01179585289
Nicoletta Campochiaro,011 7929 0033,Bristol ,tel:01179290033
Field Geoff,029 2089 1314,Cardiff ,http://www.geoff-field.co.uk
Colorfoto Ltd,029 2044 8210,Cardiff ,https://www.colorfoto.co.uk
Colorfoto Studio,029 2044 8200,Cardiff ,http://www.colorfotostudio.co.uk
Wedding Photography by Jon Jenkins,029 2002 6234,Cardiff ,http://www.southwalesweddingphotographers.co.uk
Neil Moffatt Photography,029 2041 2539,Cardiff ,http://www.neilmoffatt.co.uk
Dutkowski Richard,029 2062 1665,Cardiff ,http://www.dutkowski.co.uk
Freespirit Images,029 2089 0930,Cardiff ,http://www.freespiritimages.com
A J S Photography,029 2065 8538,Cardiff ,http://www.ajsphotography.co.uk
Jacobs Andrew,029 2054 9968,Cardiff ,http://www.andrewjacobsphotography.com
Visual Art Studio,078 9896 8539,Cardiff ,tel:07898968539
Wedding Photography Lehner,075 0805 4670,Cardiff ,tel:07508054670
Andrea Houghton Photography,024 77 450567,Coventry ,https://www.andreahoughtonphotography.co.uk
Doherty Photography,077 0213 4573,Coventry ,http://www.dohertyphotography.co.uk
Simon Brown,0800-970-0348,Coventry ,http://www.sbphotos.co.uk
Sadler Andy,024 7672 5794,Coventry ,http://www.andysadlerphotography.co.uk
Foot Emily,079 8128 3539,Coventry ,http://www.emilyfootphotography.co.uk
Jesson Bob Photography,024 7654 3942,Coventry ,http://www.bobjessonphotography.co.uk
The Picture Cellar,024 7668 2096,Coventry ,http://www.pixcel.co.uk
Majica Design,075 0870 1230,Coventry ,tel:07508701230
Photo Studio at Home,024 7626 8470,Coventry ,tel:02476268470
Kaminski Wedding Photography,075 7551 3814,Coventry ,tel:07575513814
Terence Fry Photography,078 4135 2428,Coventry ,tel:07841352428
Coventry Wedding Photographer,0800-058-8226,Coventry ,tel:08000588226
Ben Harrison Photography,07742241637,Doncaster ,https://www.benharrisonphotography.co.uk
Ufniak Photography,077 5682 9935,Doncaster ,https://www.ufniak.co.uk
Ross Brian,013 0288 2239,Doncaster ,http://www.brianross.co.uk
Steve Hall Photography,01709 888512,Doncaster ,http://www.yorkshireprphotographer.co.uk
Ian Barber Photography,013 0263 8067,Doncaster ,http://www.ianbarberphotography.co.uk
Crayden Wedding Photography LTD,013 0278 0852,Doncaster ,http://www.craydenweddingphotography.co.uk
Yorkshire Photographer - Alastair Bell Photography,077 9144 6961,Doncaster ,http://www.alastairbellphotography.co.uk
Sarahs Photographic Gallery,013 0275 1282,Doncaster ,http://www.sarahsgallery.co.uk
Ken Trinder Photographer,013 0287 6577,Doncaster ,http://www.kentrinder.com
Mike Hodges Photographer,014 2787 2506,Doncaster ,http://www.mike-hodges.com
Joseph O'Grady Photography,014 2787 5190,Doncaster ,http://www.fota-imaging.co.uk
Creative Photographic Solutions,075 1918 3062,Doncaster ,tel:07519183062
Robert Photographer,013 0281 8272,Doncaster ,tel:01302818272
Portraits By Hart,013 8442 2118,Dudley ,https://www.portrait4u.co.uk
Daniel James Photography,07870 297 512,Dudley ,http://www.danieljamesphotography.net
CJB Photography,015 6288 4531,Dudley ,http://www.cjb-photography.co.uk
Dale Graham,013 8444 4886,Dudley ,http://www.grahamdale.co.uk
Kingsleys Studios,013 8444 4886,Dudley ,http://www.kingsleystudios.co.uk
Imageplay Photographic,077 4863 2399,Dudley ,tel:07748632399
Richard George Photography,013 8439 0493,Dudley ,tel:01384390493
Emphasis - Architectural & Interiors Photography,079 7320 2137,Dudley ,http://www.emphasis.biz
Steve Prophet Photography,078 1477 1104,Dudley ,http://www.steveprophetphotography.co.uk
M & M Studios,012 1501 3868,Dudley ,http://www.mandmstudios.co.uk
Jonathon Fowler Photography & Videography,07817517604,Edinburgh ,https://www.jonathon.co
Capital Video,013 1339 2380,Edinburgh ,http://www.capitalphotography.com
PHOTO express,013 1667 2164,Edinburgh ,http://photoxp.co.uk
Pannell Photography,079 8398 3121,Edinburgh ,http://www.pannellphotography.com/wedding-photography.html
John Gilchrist Photography,077 1890 6614,Edinburgh ,http://www.johngilchrist.com
Boyd G. Photography,075 5247 0547,Edinburgh ,http://boydgphotography.com/Edinburgh-wedding-photographers.html
James Christie Photography,077 9533 7778,Edinburgh ,http://www.jameschristiephotography.com
Ryan White Wedding Photography,013 1553 5602,Edinburgh ,https://www.ryanwhitephotography.co.uk
Malishka Photography,077380 78547,Edinburgh ,http://malishkaphotography.com
Scot Wed Photos,078 5495 2214,Edinburgh ,http://www.scotwedphotos.com
Orange Lemur Photography Studio,07858885537,Edinburgh ,http://www.orangelemur.com
Andrew Weild,0131 5641230,Edinburgh ,http://www.andrewweild.com
Chris Radley Photography,07557 732773,Edinburgh ,https://chrisradleyphotography.com
Hamish Robb Photography,075 9983 0441,Edinburgh ,http://www.hamishrobb.co.uk
Burn-Murdoch Alastair,013 1447 4436,Edinburgh ,http://www.abmphotography.com
BabyPhotograhie,013 1228 4373,Edinburgh ,http://www.babyphotographie.com
Blue Sky Photography,0845-644-4963,Edinburgh ,http://www.blueskyphotography.co.uk
Armchair Theatre Video,013 1661 1663,Edinburgh ,http://www.armchairtheatre.co.uk
Numedia Photography,079 6687 7956,Edinburgh ,tel:07966877956
Marina Papagianni Photography,440 7463 434300,Edinburgh ,tel:4407463434300
David Bryce Photography,013 1552 0321,Edinburgh ,tel:01315520321
Edinburgh Photographer Ben Collins,013 1661 8445,Edinburgh ,tel:01316618445
Klaklak Photography,013 1346 8415,Edinburgh ,tel:01313468415
Wallace Artworks,0844-879-4104,Edinburgh ,tel:08448794104
Roman At PhotoCom,078 1380 6067,Edinburgh ,tel:07813806067
Gail Galbraith Photography,078 6646 5114,Edinburgh ,tel:07866465114
Paul Raeburn Wedding Photography,079 7333 2901,Edinburgh ,tel:07973332901
Saltire Photography,013 1516 9713,Edinburgh ,tel:01315169713
Mark Johnstone Photography & Design,(790) 091-4414,Glasgow ,https://markjohnstonephotography.com
Bee-photo,075 0115 2081,Glasgow ,http://www.bee-photo.co.uk
Gary Davidson Photography,014 1636 1781,Glasgow ,http://www.garydavidsonphotography.com
Vanishing Moments Photography,440 7511 5597,Glasgow ,http://www.vanishingmomentsphotography.com
Inovart Photography,079 1735 5876,Glasgow ,http://www.inovart.co.uk
Euro Photographic Ltd,014 1530 8097,Glasgow ,http://www.europhotographic.com
Elliott-Images,078 5083 8332,Glasgow ,http://www.elliott-images.co.uk
A V F Photography,014 1772 1143,Glasgow ,http://www.avfphotography.co.uk
Alves Alice,013 5524 4496,Glasgow ,http://www.alicealvesphotography.co.uk
Hodge Beth,014 1779 9019,Glasgow ,http://www.bethhodgephotography.com
Alan Snelling Photography,,Glasgow ,http://www.alansnellingphotography.co.uk
AMD Photography,012 9226 3640,Glasgow ,http://www.amdv.co.uk
ABAL Studios,013 5522 2282,Glasgow ,tel:01355222282
Ian Arthur Photography,077 2436 0141,Glasgow ,tel:07724360141
Karl Double Photography,015 0567 2774,Glasgow ,tel:01505672774
Milton Photography,014 1353 1797,Glasgow ,tel:01413531797
Al Bell Photography,079 8942 1051,Glasgow ,tel:07989421051
Glasgow Photography,075 8351 6889,Glasgow ,tel:07583516889
Brian Murray Photography,078 9624 7176,Glasgow ,tel:07896247176
Wilkinson Debbie,014 8278 4690,Kingston upon Hull ,http://www.debbiewilkinson.co.uk
Natalia Walton photography,077 5332 7999,Kingston upon Hull ,https://www.nataliawalton.com
Hull News & Pictures Ltd,01482 772651,Kingston upon Hull ,https://www.hullnews.co.uk/index
Stabler Kevin,019 6462 3040,Kingston upon Hull ,http://www.kevinstablerphotography.co.uk
Media Fizz,014 8265 7008,Kingston upon Hull ,http://www.media-fizz.co.uk
J & A Photos,014 8279 0239,Kingston upon Hull ,http://www.j-aphotos.co.uk
Kingswood Studios,014 8258 1404,Kingston upon Hull ,http://www.kingswoodstudios.com
Hull News & Pictures,,Kingston upon Hull ,http://www.hullnews.co.uk
Steve Coldray Photography,075 4522 4518,Kingston upon Hull ,tel:07545224518
The Link Photography Ltd,077 7987 5598,Kingston upon Hull ,tel:07779875598
All Occasions Photography,014 8270 3621,Kingston upon Hull ,tel:01482703621
Alex Smith Images,077 4760 7597,Kingston upon Hull ,tel:07747607597
83Photography,078 1111 2205,Leeds ,http://www.83photography.co.uk
Pure Photography,01132394541,Leeds ,http://www.purephotographystudio.co.uk
Jez Gunnell Photography,077 3495 8981,Leeds ,http://www.jezphotos.co.uk
Alex Dixon Photography,011 3204 0457,Leeds ,http://www.alexdixon.co.uk
Justin Zhang Photography (wedding photographer Leeds Yorkshire),078 0960 9097,Leeds ,http://www.justinzhangphotography.com
123 Photography - Wedding Photographers,011 3231 1233,Leeds ,http://www.123photography.co.uk
Barrett Andrea,011 3257 5728,Leeds ,http://www.andreabarrettphotography.co.uk
Adventure Photography Ltd,011 3278 9119,Leeds ,http://www.adventurephotography.co.uk
King Anne Marie,011 3261 9678,Leeds ,http://www.annemarieking.co.uk
James Andrew,011 3232 0759,Leeds ,http://www.ajbphotography.co.uk
Andrews Wedding Photojournalist BSc(Hons) WJPA,077 2513 6175,Leeds ,http://www.andrews-wedding-photojournalist.co.uk
Amanda Limbert Photography,078 8308 3654,Leeds ,tel:07883083654
Yorkshire Wedding Photographer | Daniel Lyons,011 3230 4397,Leeds ,tel:01132304397
Greyeye Photography,0845-867-8496,Leeds ,tel:08458678496
Discoklick,077 0339 9699,Leeds ,tel:07703399699
Moments that Matter Photography,078 9693 8921,Leeds ,tel:07896938921
Yorkshire Wedding Photographer - Mark Pearson Photography,011 3229 5408,Leeds ,tel:01132295408
STEVE BROWN IMAGE RETOUCHER,011 3259 0865,Leeds ,tel:01132590865
Hylton Photography Ltd,011 3284 2070,Leeds ,tel:01132842070
Memory Makers Photography,011 6269 2782,Leicester ,http://www.memory-makers.co.uk
Sam Johnson Photography,079 0416 2611,Leicester ,http://www.samjohnsonphotography.com
Andrej Sijka Photography,011 6253 6895,Leicester ,http://www.sijka.net
Canon Video & Photography,011 6260 1981,Leicester ,http://www.canonvideoandphotography.co.uk
Central Studio,011 6270 0082,Leicester ,http://www.central-studios.co.uk
Zarb Fiona,011 6271 3051,Leicester ,http://www.fionazarbphotography.co.uk
Cartwright Jim,078 5010 3669,Leicester ,http://www.cartwrightdigital.co.uk
D E Photo,011 6271 2989,Leicester ,http://www.dephoto.co.uk
Baines Andrew,011 6222 8069,Leicester ,http://www.andrewbainesphotography.co.uk
Du Feu Danny,011 6289 8725,Leicester ,http://www.ddf-photography.co.uk
Hollis Photography.Com,011 6210 6488,Leicester ,http://www.hollisphotography.com
Forum Photography,011 6247 3044,Leicester ,tel:01162473044
Prodigital Photography,014 5584 7070,Leicester ,tel:01455847070
Sol Photgraphy,077 8711 7662,Leicester ,tel:07787117662
Chris Denner,011 6261 6826,Leicester ,tel:01162616826
Craigh Bennett Photography,077 0640 1091,Leicester ,tel:07706401091
Stephen Walker Photography,07730376364,Liverpool ,https://www.stewalkerphotography.com
DJC Wedding Photography Liverpool,07810 321634,Liverpool ,https://www.djc-weddings.co.uk
Samantha Brown Photography,015 1280 1767,Liverpool ,http://www.samanthabrownphotography.co.uk
Ascot Photography,015 1428 3874,Liverpool ,http://www.ascotphotography.co.uk
Jewell David,015 1487 5974,Liverpool ,http://www.davidjewellphotography.co.uk
Gregory Christopher,015 1228 9107,Liverpool ,http://www.cgphotography.co.uk
Colins Photography,015 1708 7392,Liverpool ,http://www.colinsphotography.co.uk
Capturethemoments.Co.Uk,070 0580 4104,Liverpool ,http://www.capturethemoments.co.uk
Atmosferik,0800-781-2694,Liverpool ,tel:08007812694
NIP,079 8670 7063,Liverpool ,tel:07986707063
Rob Sharpe Photography,078 1218 8252,Liverpool ,tel:07812188252
Expressions Photo & Design Studio,079 0174 7580,Liverpool ,tel:07901747580
Tamara Fell Photography,078 9110 5215,Liverpool ,tel:07891105215
Emotive Photography,0151 5260439,Liverpool ,tel:01515260439
Corporate Photography Agency,07850885786,London ,http://www.corporatephotographerslondon.com
Headshot London,02032899054,London ,https://www.headshotlondon.co.uk/corporate-photographers/
Tiffany Lin Photography,+44 7828 044614,London ,https://www.tiffanylinphotography.com
Alpha Kappa Projects,+306944715177,London ,https://www.ellico.ltd/alphakappaprojects
Graham Baker Photography,0203 763 7703,London ,https://grahambakerphotography.com
David Hughes Photography and video,017 0846 9900,London ,http://www.dhphotography.co.uk
Rocco Photography,079 6726 0480,London ,https://www.roccophotography.co.uk
Peachey Photography,078 1602 6792,London ,http://www.peacheyphotography.co.uk
Desktop Pictures,020 8656 1686,London ,http://www.desktoppictures.co.uk
Martin Garnham Photography,07711 941208,London ,http://www.garnhamphotography.co.uk
Dave Phillips Photography,07843 498 508,Manchester ,https://www.davephillips.co.uk
Capricorn IV Ltd,016 1273 7345,Manchester ,http://www.capricorniv.co.uk
Monika Szmidt Photography,016 1425 2875,Manchester ,http://www.monikasportraitphotography.com
Neilson Reeves Photography Manchester,079 3592 6494,Manchester ,http://www.neilsonreeves.co.uk
Paul Cooper Photographer Manchester Cheshire,077 1555 6891,Manchester ,http://www.cooperphotos.co.uk
Phil Portus Photography,016 1434 6359,Manchester ,http://www.philportus.co.uk
James Broome Photography,016 1667 5088,Manchester ,http://www.jamesbroomephotography.com
Dora Horvath Photography-Baby Photography Manchester,07841737423,Manchester ,http://www.dorahorvathphotography.co.uk
Bailey Photography,0800-234-3469,Manchester ,http://www.baileyphotography.net
Kula Photos,077 8477 7709,Manchester ,http://www.kulaphotos.co.uk
Crawlergraphic.com,078 3011 4054,Manchester ,http://www.crawlergraphic.com
David Coppel Photography,016 1945 2205,Manchester ,http://www.davidcoppel.co.uk
AJ Studio,0845-392-9098,Manchester ,http://www.ajstudio.co.uk
Bella Phoyography,016 1292 6875,Manchester ,http://www.bellaphotography.co.uk
Contact Digital Ltd,016 1273 6255,Manchester ,tel:01612736255
Natalie Lehman,075 0825 5292,Manchester ,tel:07508255292
BWP PHOTOGRAPHY MANCHESTER,077 8358 9295,Manchester ,tel:07783589295
Imaginative Images Photography,078 5352 9152,Manchester ,tel:07853529152
Geoff Love Photography,019 1266 5720,Newcastle upon Tyne ,http://www.geofflove.co.uk
Wedding Photographer in Newcastle,079 5024 1918,Newcastle upon Tyne ,http://www.weddingphotographerinnewcastle.com
Mark Richardson Wedding Photography,0845-508-9171,Newcastle upon Tyne ,http://www.markrichardson.co.uk
Matt Ethan Photography,079 8862 8133,Newcastle upon Tyne ,http://www.mattethan.co.uk
Gavin Forster Photography,077 9435 1930,Newcastle upon Tyne ,http://gavinforsterphotography.co.uk
Paul Liddement Wedding Stories,079 2014 2277,Newcastle upon Tyne ,https://www.paulliddement.com
Spectrum Wedding Photography,079 0460 3237,Newcastle upon Tyne ,http://www.spectrumweddingphotography.co.uk
Wedding Photography Newcastle,079 6330 9565,Newcastle upon Tyne ,http://www.danbarron.co.uk
Frayne Peter,019 1286 1788,Newcastle upon Tyne ,http://peterfrayne.co.uk
I 2 I,019 1265 9111,Newcastle upon Tyne ,http://www.i-two-i.co.uk
Alison Groves Photography,019 1213 0784,Newcastle upon Tyne ,http://www.alisongroves.com
Browns Photography Ltd,019 1285 7004,Newcastle upon Tyne ,http://www.brownsphotography.com
Angela Bailey Photography,019 1251 7170,Newcastle upon Tyne ,http://www.angelabaileyphotography.co.uk
John Watson Photography,077 6782 5734,Newcastle upon Tyne ,tel:07767825734
Photography Courses UK Ltd,0800-810-1081,Newcastle upon Tyne ,tel:08008101081
Glenn Mather Photography,075 3245 8689,Nottingham ,https://www.gmatherphotography.com
TCE DESIGN,(019) 492-1158,Nottingham ,http://www.tcedesign.com
One Love,011 5849 3154,Nottingham ,http://oneloveweddings.co.uk
Victoria Bradley Photography,01623 754877,Nottingham ,http://www.victoriabradley.co.uk
Day David,011 5877 0609,Nottingham ,http://www.ddpweddings.co.uk
Thompson Alan,011 5925 7781,Nottingham ,http://www.alanthompsonphotography.com
ADTR Videos,016 2379 8102,Nottingham ,http://www.adtrvideos.co.uk
Miles-Hayler Ltd,011 5940 3988,Nottingham ,tel:01159403988
Wayne Brown Photography,011 5945 9097,Nottingham ,tel:01159459097
Steve & Sarah Mills Wedding Photography,011 5961 1048,Nottingham ,tel:01159611048
Monkeygrip Photography,077 5949 7812,Nottingham ,tel:07759497812
Jon Talks Photography,077 4094 8417,Nottingham ,tel:07740948417
Moment In Time,017 5225 7151,Plymouth ,http://www.momentintime.co.uk
Dartmoor Studios Photography Ltd,077 7174 5971,Plymouth ,http://www.dartmoorstudios.com
David Vowden Studios,017 5270 4864,Plymouth ,http://www.davidvowdenphotography.com
Hartley Photography,017 5278 3493,Plymouth ,http://www.hartleyphotography.co.uk
Class Photography Ltd,017 5234 4422,Plymouth ,http://www.class-photography.com
Kevin Kelland,017 5260 6340,Plymouth ,http://www.kevinkellandphotography.co.uk
Optimo Images,017 52&n bsp;21,Plymouth ,http://www.optimo-images.com
Leaving Images by Natalie,077 9245 3418,Plymouth ,http://www.leavingimages.com
Silverscene Photography,017 5229 0032,Plymouth ,tel:01752290032
Photography by Jeni Lord ...be Photo-jen-ic,075 0536 9314,Plymouth ,tel:07505369314
Custard Duck Photography,078 1749 4518,Plymouth ,tel:07817494518
Reflections Photography,011 4276 3811,Sheffield ,http://www.reflectionsphotography.name
The Image Team,077 4944 2629,Sheffield ,http://www.theimageteam.com
PJ Photography,079 5750 2437,Sheffield ,http://www.pjphotospace.co.uk
Richard Bird Photography,019 0956 3229,Sheffield ,http://www.rbirdphotography.com
A S G Photography,011 4234 8180,Sheffield ,http://www.asgphoto.co.uk
Anthony Keye Photography,011 4287 5824,Sheffield ,http://www.anthonykeye.co.uk
Bellwood Photography,011 4234 4746,Sheffield ,http://www.bellwoodphoto.co.uk
A B Photography,011 4281 7737,Sheffield ,http://www.ab-photography.co.uk
C21 Photography,0845-388-9417,Sheffield ,http://www.c21photography.net
Sandstorm Photography,012 4623 2110,Sheffield ,http://www.sandstormphotography.co.uk
Captive Image Productions,011 4264 4457,Sheffield ,http://www.captiveimage.co.uk
Chris Shepherd Photography,079 7361 6108,Sheffield ,tel:07973616108
David Bolsover Photography,011 4269 7884,Sheffield ,tel:01142697884
Photography Zero Eight,078 2888 4788,Sheffield ,tel:07828884788
Norton Lees Photography,077 7930 2881,Sheffield ,tel:07779302881
Sheffield Photo Training,011 4250 1121,Sheffield ,tel:01142501121
Autumn Stone Photography,075 0513 1263,Stockport ,https://www.autumnstonephotography.co.uk
UK-Photo,07539493533,Stockport ,https://uk-photo.com
Stillwave Photography,0753 143 3591,Stockport ,http://www.stillwave.co.uk
David Laslett Photography,016 1474 1183,Stockport ,http://www.manchesterphoto.com
George & Glenys Dawber Associates,016 1483 3114,Stockport ,http://www.georgeandglenysdawber.com
Frisbee Mike Photography Ltd,016 1431 5297,Stockport ,http://www.fris.co.uk
Catchlights Photography,077 0997 9678,Stockport ,http://www.catchlightsphotography.co.uk
Photography by Az,016 1476 5388,Stockport ,http://www.azeem.biz
David Eccles Photography,016 1442 7246,Stockport ,http://www.davidecclesphotography.com
Yates David,077 8067 6803,Stockport ,tel:07780676803
Robert Usher Photography,019 1528 2076,Sunderland ,https://www.robertusherphotography.co.uk
Nicholas Ainsley Photography,079 3367 9169,Sunderland ,http://www.nicholasainsleyphotography.com
Emerson Photography,07866127732,Sunderland ,http://jamieemersonphotography.com
Maverickart and Jo Howell Photography,075 8386 5263,Sunderland ,http://maverickart.co.uk
Antony David,019 1514 3202,Sunderland ,http://www.davidantony.com
Daniel Lewis Photography,019 1525 0837,Sunderland ,http://www.dalfoto.com
Heptinstall Andrew & Associates Ltd,019 1565 9943,Sunderland ,http://www.andrewheptinstall.com
Camera Angles,019 1536 2803,Sunderland ,http://www.camera-angles.co.uk
De Roche & Brown,019 1548 6229,Sunderland ,http://www.de-rocheandbrownphotography.com
De-roche & Brown,019 1564 1113,Sunderland ,http://www.photographynortheast.com
Ashbrooke Photography,019 1528 4576,Sunderland ,http://www.ashbrookephotography.co.uk
Dougan Phillip G,019 1567 6591,Sunderland ,http://www.phillipdougan.com
Byron Image,078 8884 7078,Sunderland ,tel:07888847078
Enjoylifephotography,077 2981 0028,Sunderland ,tel:07729810028
Galaxy Studios,017 9222 9191,Swansea ,http://www.galaxystudios.co.uk
Gower Photographic Studios,017 9287 2445,Swansea ,http://www.gowerphotographic.co.uk
High Society Photography Ltd,017 9288 3274,Swansea ,http://www.highsocietyphotography.co.uk
ARTvisionUK,017 9270 1589,Swansea ,http://www.artvision.co.uk
Gareth Jones Photography,017 9270 1709,Swansea ,http://www.garethjonesphotography.com
A Star Photography,017 9282 4740,Swansea ,tel:01792824740
Photoboost,079 3255 1438,Swansea ,tel:07932551438
John Wellings Photography,075 4524 1588,Swansea ,tel:07545241588
Kapow Photography Ltd,017 9229 7643,Swansea ,tel:01792297643
Peter Baldwin Photography,079 4156 3870,Wakefield ,https://www.baldwinphoto.co.uk
Image-I-Nation Photography,07980 225 492,Wakefield ,http://www.image-i-nation.co.uk
Patrick Sice Photography,019 7755 6088,Wakefield ,http://www.patricksicephotography.co.uk
Studio Mark Anthony,077 7171 7174,Wakefield ,http://www.studiomarkanthony.co.uk
Photoneg Specialist Wedding Photography,019 2426 4725,Wakefield ,http://www.photoneg.co.uk
David Wilkinson,019 2486 5027,Wakefield ,http://www.classicandinformal.co.uk
Ford Sandra,079 6803 1698,Wakefield ,http://www.fordphotography.co.uk
Ixpix Photography,019 2425 5085,Wakefield ,http://www.ixpix.co.uk
Claire Perry Photography,,Wakefield ,http://www.claireperryphotography.co.uk
Phase 5 Productions,019 2437 9020,Wakefield ,tel:01924379020
Becksbridge Studio,015 4345 4543,Walsall ,http://www.becksbridgestudio.co.uk
Trevalan Photography,019 2262 7703,Walsall ,http://www.trevalan.co.uk
The Lighthouse,015 4382 0169,Walsall ,http://www.thelighthouseportraits.co.uk
LJ Photography,015 4336 0888,Walsall ,tel:01543360888
Charnock,012 5742 7447,Wigan ,http://www.charnockphotography.co.uk
Classic Photography,019 4274 7050,Wigan ,http://www.classicphotogallery.co.uk
Francis Hazel,019 4271 3611,Wigan ,http://www.hazelfrancis.co.uk
GT Photographic,019 4225 3707,Wigan ,http://www.gtphoto.com
Big Picture Studio,019 4224 5423,Wigan ,http://www.bigpicturestudio.co.uk
Images Photography By Gareth Doe,019 4249 3842,Wigan ,http://www.images-photography.co.uk
Jim Harrison Photography,019 4224 4780,Wigan ,http://www.jhphotography.co.uk
Visions Photography,019 4227 2571,Wigan ,http://www.djbvisionsphotography.co.uk
Kls Weddings,0845-094-9273,Wigan ,tel:08450949273
Stepping Stones Photography,019 4272 5847,Wigan ,tel:01942725847
Absolute Weddings,077 5140 0466,Wigan ,tel:07751400466
The Wedding Photographer Wigan,078 2144 7725,Wigan ,tel:07821447725
ABSOLUTE WEDDINGS,077 5140 0466,Wigan ,tel:07751400466
Andrew Stott Photography,07860238845,Wigan ,tel:07860238845
Derya Vicars Photgraphy,07711 079827,Wirral ,https://deryavicarsphotography.co.uk
Tony Kenwright Photography,078 2442 6017,Wirral ,https://www.tonykenwright.com
Kate Jade's-Photography,079 1265 2016,Wirral ,https://www.katejadesphotography.co.uk
KJP Images,015 1651 1031,Wirral ,http://kjpimages.co.uk
Simpson Ian,015 1334 0076,Wirral ,http://www.iansimpsonimaging.co.uk
Wirral Photo,,Wirral ,http://www.wirralphoto.com
SnapShot Weddings,079 6452 3981,Wirral ,tel:07964523981
Cat Kershaw,015 1324 1100,Wirral ,tel:01513241100
Corporate Photography Agency,07850885786,London,http://www.corporatephotographerslondon.com
Headshot London,02032899054,London,https://www.headshotlondon.co.uk/corporate-photographers/
Tiffany Lin Photography,+44 7828 044614,London,https://www.tiffanylinphotography.com
Alpha Kappa Projects,+306944715177,London,https://www.ellico.ltd/alphakappaprojects
Graham Baker Photography,0203 763 7703,London,https://grahambakerphotography.com
David Hughes Photography and video,017 0846 9900,London,http://www.dhphotography.co.uk
Rocco Photography,079 6726 0480,London,https://www.roccophotography.co.uk
Peachey Photography,078 1602 6792,London,http://www.peacheyphotography.co.uk
Desktop Pictures,020 8656 1686,London,http://www.desktoppictures.co.uk
Martin Garnham Photography,07711 941208,London,http://www.garnhamphotography.co.uk
Martin Risbridger Photography,07971 805835,East England,https://www.martinrisbridgerphotography.com
James Malkin Photography,07802 449 674,East England,https://www.jmalkinphotography.co.uk
Damien Vickers Photography,07715 379299,East England,https://www.damienvickersphotography.co.uk
The Wedding Storytellers,07806441856,East England,https://www.theweddingstorytellers.co.uk
Photography by Suzanne Fossey,01603850185,East England,https://www.fosseyimages.com
Duncan Kerridge Photography,07779 272752,East England,https://www.kerridgeweddings.co.uk
Business Photography,01733 577319,East England,http://www.business-photography.biz
Peter Hearl Photography,079 5277 6761,East England,http://www.peterhearlphotography.co.uk
Belle Momenti Photography,014 6241 6369,East England,https://www.bellemomenti.com
Che Ballard Photography,079 9079 5574,East England,https://www.cheballard.com
Simon Hogben Photography,07538 376 860,North East England,https://simonhogben.com
Serenity Photography Limited,079 2339 2603,North East England,https://serenity-photography.com
Colin Burt Photography,016 6183 2624,North East England,http://www.colinburtphotography.co.uk
Robert Usher Photography,019 1528 2076,North East England,https://www.robertusherphotography.co.uk
Riteimage Photography,077 3326 1564,North East England,http://www.riteimage.co.uk
2Tone Creative Photography,012 0729 0314,North East England,https://www.2tonephotography.co.uk
ChrisChevPhotographer,07 584 372 639,North East England,https://chrischevphotographer.com
Portrait Wedding Photographers,01325 238 107,North East England,http://www.portrait-wedding-photographers.co.uk
Durham City Studios,019 1386 4486,North East England,http://www.durhamcitystudios.com
Loud and Flashy,016 7081 3007,North East England,http://www.loudandflashy.com
Stephen Walker Photography,07730376364,North West England,https://www.stewalkerphotography.com
Rayne Beau Photo,07712688621,North West England,https://raynebeauphoto.com
Photography by Bryan,07955888761,North West England,https://www.bryanfarrell.co.uk/wedding-photography/
Skyhawk Pictures,07973793763,North West England,https://skyhawkpictures.co.uk
Derya Vicars Photgraphy,07711 079827,North West England,https://deryavicarsphotography.co.uk
fourTwographs,07929968139,North West England,https://fourtwographs.co.uk
Dave Phillips Photography,07843 498 508,North West England,https://www.davephillips.co.uk
Brandwood John,012 0449 5613,North West England,http://www.brandwood.co.uk
Capricorn IV Ltd,016 1273 7345,North West England,http://www.capricorniv.co.uk
Claire Penn Photography,077 2928 2519,North West England,https://www.clairepenn.com
Kayleigh Williams Photography,07716611027,South East England,http://www.kayleighwilliams.co
Viktor Kery Photos,07732141339,South East England,http://www.keryviktor.net
Ben Molyneux Photography,01993 862781,South East England,https://www.benmolyneux.co.uk
Neil W. Shaw Photography,07816358725,South East England,https://www.neilwilliamshaw.co.uk
Trevor Beynon Photography,01494 623009,South East England,http://www.trevorbeynon.co.uk
Prescott Sarah,012 3372 0166,South East England,http://www.sarahprescottphotography.co.uk
Judi Checketts Photography,07387 167557,South East England,http://www.judicheckettsphotography.com
Carol Elizabeth Photography,07714322603,South East England,https://www.carol-elizabeth-photography.co.uk
Oxford-Photography,079 2919 7257,South East England,http://oxford-photography.co.uk
David King Photographer,01227 643051,South East England,http://www.davidkingphoto.co.uk
Charlie Downes Photography,07503 942453,South West England,https://www.charliedownes.co.uk
Robin Goodlad Photography,01202 282728,South West England,https://www.robingoodlad.com
Mark Shaw Photography,07738418846,South West England,https://www.markshawphotography.co.uk
Andrew George Wedding Photographer Cornwall,07809438376,South West England,https://www.andrewgeorgephotography.co.uk
Cameo Photography,012 7584 3225,South West England,http://www.cameo-photography.com
Moment In Time,017 5225 7151,South West England,http://www.momentintime.co.uk
Jack Boskett Media ltd,01684 274264,South West England,https://www.jackboskett.co.uk
One Thousand Words,079 4918 2953,South West England,https://www.onethousandwords.co.uk
Martin Bartnicki Photography,078 7144 1090,South West England,https://martinbartnicki.co.uk
Paul Keppel Photography,07854172143,South West England,https://paulkeppel.co.uk
Ben Harrison Photography,07742241637,Yorkshire and the Humber,https://www.benharrisonphotography.co.uk
Wilkinson Debbie,014 8278 4690,Yorkshire and the Humber,http://www.debbiewilkinson.co.uk
Ufniak Photography,077 5682 9935,Yorkshire and the Humber,https://www.ufniak.co.uk
Www.PicturesbyRob.co.uk,019 0449 0466,Yorkshire and the Humber,https://www.picturesbyrob.co.uk
Richard Wood Photography,01723 384550,Yorkshire and the Humber,https://www.richardwoodphotography.co.uk
Natalia Walton photography,077 5332 7999,Yorkshire and the Humber,https://www.nataliawalton.com
Suzanne Nichol Photography,079 3158 2051,Yorkshire and the Humber,http://www.suzannephotography.co.uk
Atken Photography,012 6222 8077,Yorkshire and the Humber,https://www.atkenphotography.co.uk
Aiden Clarke Photography,017 2335 1347,Yorkshire and the Humber,https://www.aidenclarkephotography.co.uk
Sigmund Kasatkin Photography,07790 227720,Yorkshire and the Humber,http://www.weddingshots.co.uk
PJB Photography,07900 892586,East Midlands,https://pjbphotography.co.uk
Richard Evans Photography,07770 781974,East Midlands,http://www.richardevansphotography.co.uk
MLB Photographic Photography,01298 812105,East Midlands,https://www.mlbphotographic.co.uk
Dickon clark photography,017 7382 9572,East Midlands,http://www.dickonclark.co.uk
Inside Out Photography,07831 344 722,East Midlands,https://www.insideoutphoto.co.uk
Neal Morgan,079 1382 6502,East Midlands,http://www.nealmorgan.co.uk
Sandstorm Photography,012 4656 7400,East Midlands,http://www.sandstormphotography.co.uk
Daniel McLean Photography,01572 492616,East Midlands,https://danielmclean.co.uk
Symply Photography,015 2924 1633,East Midlands,https://symplyphotography.co.uk
Kamara Photography Ltd,015 2269 8147,East Midlands,https://www.kamaraphoto.com
Peter Youngs Photography,07818 400784,West Midlands,https://www.peteryoungs.co.uk
AirLight Photography,07585747708,West Midlands,https://www.airlightstudio.co.uk
Deborah Longmore Photography, 3  ,West Midlands,http://www.deborahlongmorephotography.com
Emma Lowe Photography Ltd,44 (0)7826 4228,West Midlands,https://emmalowephotography.co.uk
Joe Watkins Photography,078 1782 4376,West Midlands,http://www.joewatkins.co.uk
Claire Osborne Photography, 1  ,West Midlands,http://www.claireosbornephotography.co.uk
Ray Ashmore Photography,01902918997,West Midlands,http://www.rayashmorephotography.co.uk
Doherty Photography,077 0213 4573,West Midlands,http://www.dohertyphotography.co.uk
David Wadley Photographers,012 1329 2834,West Midlands,http://www.davidwadleyphotography.co.uk
Andrea Houghton Photography,024 77 450567,West Midlands,https://www.andreahoughtonphotography.co.uk
Babs Boardwell Photography,07864 122891,Wales,https://www.babsboardwellweddings.co.uk
Property Photos Wales,07854857369,Wales,https://www.propertyphotoswales.co.uk
Field Geoff,029 2089 1314,Wales,http://www.geoff-field.co.uk
Premiere Photography,016 3341 3539,Wales,https://www.premiere-photography.co.uk
Andre Pepper Photographer,07831371354,Wales,http://www.andrepepperphotographer.simplesite.com
ADELE LISA BATES,01492 871 897,Wales,http://www.adelebates.co.uk
Phil Rees Photography,019 7831 3789,Wales,https://www.philreesphotography.co.uk
Art by Design Photography,078 0959 3220,Wales,https://www.artbydesignphotography.co.uk
Abbey Mill Photography,078 1437 9519,Wales,http://www.abbeymillphotography.co.uk
Ann Lewis Photography,014 9574 1928,Wales,http://www.annlewisphotography.co.uk
Dean R. Woodhouse Photography,07770029292,Scotland,https://www.drw.photo
Click Perspective Ltd,07391532186,Scotland,https://clickperspective.com
Mark Johnstone Photography & Design,(790) 091-4414,Scotland,https://markjohnstonephotography.com
Jonathon Fowler Photography & Videography,07817517604,Scotland,https://www.jonathon.co
Capital Video,013 1339 2380,Scotland,http://www.capitalphotography.com
Photography by Duncan Holmes,01475 689 176,Scotland,http://www.duncanholmesphotography.co.uk
David Brown Photography,01796 473 831,Scotland,https://www.davidbrownphotographer.com
Alan Hutchison Photography,01786 625645,Scotland,https://www.alanhutchison.co.uk
Jenniflower Weddings,07737413670,Scotland,http://www.jenniflowerweddings.com
Gary Davidson Photography,014 1636 1781,Scotland,http://www.garydavidsonphotography.com
Ursula McCollam Photography,07870560481,Northern Ireland,https://ursulamccollamphotography.co.uk
Cracked Light Photography,+4407958728376,Northern Ireland,https://www.crackedlight.com
Cromerton Wedding Photography,028 9145 9640,Northern Ireland,http://www.cromerton-photography.com
Snappitt Photography (Belfast),078 8523 4439,Northern Ireland,http://www.snappitt.co.uk
Davis Photography,028 7035 2169,Northern Ireland,http://davisphotography.info
Drf Photographic,028 9146 4009,Northern Ireland,http://drfphotographic.co.uk
Des Rowan - Wedding Photographer Northern Ireland,028 9146 4330,Northern Ireland,http://www.desrowan.com
Belfast Exposed,028 9023 0965,Northern Ireland,http://www.belfastexposed.org
Frank Higginson,028 9266 3173,Northern Ireland,http://www.frankhigginsonphotography.co.uk
David Coote Photography,028 9752 8378,Northern Ireland,http://www.davidcoote.com
Feak Tim,014 8124 3200,Channel Islands,http://www.timfeak.com
SJT Photography,077 8114 4340,Channel Islands,http://www.sjt-photography.com
Dani Stevens Photography,077 8144 6630,Channel Islands,http://www.danistevensphotography.com
Wellum,015 3476 8158,Channel Islands,http://www.stevewellum.co.uk
Visual Eye,015 3486 6638,Channel Islands,http://www.visualeyedesign.com
GooseGreenStudios.Com,015 3487 1681,Channel Islands,http://www.goosegreenstudios.com
McAlister Stuart,015 3488 8007,Channel Islands,http://www.stuartmcalister.com
Qpix Photography,077 9774 9490,Channel Islands,http://www.qpix.co.uk
Photo Reportage,015 3485 8751,Channel Islands,http://www.photo-reportage.co.uk
